UserID,UserName,FirstName,LastName,Email,Password,Phone
1,John.Doe,John,Doe,john.doe@example.com,Password123,123-456-7890
2,Jane.Smith,Jane,Smith,jane.smith@example.com,Password456,234-567-8901
3,Michael.Johnson,Michael,Johnson,michael.johnson@example.com,Password789,345-678-9012
4,Emily.Brown,Emily,Brown,emily.brown@example.com,Password101,456-789-0123
5,David.Wilson,David,Wilson,david.wilson@example.com,Password112,567-890-1234
6,Sarah.Moore,Sarah,Moore,sarah.moore@example.com,Password134,678-901-2345
7,Daniel.Taylor,Daniel,Taylor,daniel.taylor@example.com,Password156,789-012-3456
8,Laura.Anderson,Laura,Anderson,laura.anderson@example.com,Password178,890-123-4567
9,James.Thomas,James,Thomas,james.thomas@example.com,Password190,901-234-5678
10,Alice.Martinez,Alice,Martinez,alice.martinez@example.com,Password202,012-345-6789
11,Chris.Roberts,Chris,Roberts,chris.roberts@example.com,Password224,123-456-7891
12,Amanda.Lewis,Amanda,Lewis,amanda.lewis@example.com,Password246,234-567-8902
13,Jason.White,Jason,White,jason.white@example.com,Password268,345-678-9013
14,Natalie.Hall,Natalie,Hall,natalie.hall@example.com,Password290,456-789-0124
15,Kevin.Clark,Kevin,Clark,kevin.clark@example.com,Password312,567-890-1235
16,Megan.Lee,Megan,Lee,megan.lee@example.com,Password334,678-901-2346
17,Steven.Walker,Steven,Walker,steven.walker@example.com,Password356,789-012-3457
18,Rachel.Harris,Rachel,Harris,rachel.harris@example.com,Password378,890-123-4568
19,Paul.Allen,Paul,Allen,paul.allen@example.com,Password390,901-234-5679
20,Olivia.Young,Olivia,Young,olivia.young@example.com,Password404,012-345-6791
